<?xml version="1.0" encoding="UTF-8"?>
<!-- 检测工具检测完保存数据文件模板
	包括三部分信息：
		①客户信息数据
		②客户环境基本信息
		③本次检测数据

 -->
<data>
	<!-- 客户信息数据 -->
	<customerInfo>
		<!-- 客户号 (必填)-->
		<customerNo>8060003243</customerNo>

		<!-- 客户名称 (必填)-->
		<customerName>金蝶(中国)软件有限公司</customerName>

		<!-- 客户公司简介 (客户手动必填)-->
		<companyProfile><![CDATA[
			金蝶国际软件集团始创于1993年，是香港联交所主板上市公司（股票代码：0268）。

	运用前沿科学技术，金蝶以管理信息化产品服务为核心，为超过400万家企业和政府组织提供云管理产品及服务，是中国软件市场的领跑者。今天，已有超过2000家合作伙伴选择金蝶作为共创共赢的发展平台。IDC权威数据显示，金蝶连续十年位居中国中小企业市场占有率第一。财富中国100强企业，一半选择金蝶。

	金蝶始终秉承“帮助顾客成功”的商业哲学，恪守“走正道、行王道”的核心价值观，二十一年如一日坚持软件强国梦。今天，金蝶以“让数据创造价值”为使命，致力于成为全球领先的云管理服务商，帮助中国企业实现转型升级的民族梦想。

	金蝶在中国大陆设有深圳、上海、北京三个软件园。金蝶附属公司有专注于企业管理软件和互联网服务市场的金蝶软件（中国）有限公司，专注于中间件业务的深圳市金蝶中间件有限公司，专注于医疗卫生行业信息化的金蝶医疗软件科技有限公司，以及专注于除中国大陆以外的亚太地区及海外市场的金蝶国际软件集团（香港）有限公司等。]]>
		</companyProfile>

		<!-- 待补充... -->
	</customerInfo>

	<!-- 客户环境基本信息(客户根据环境实际情况填写) -->
	<envInfo>
		<!-- 应用服务器环境信息 -->
		<appServerInfo>
			<!-- 服务器型号与数量(必填)-->
			<serverModels count="1">Intel X86服务器</serverModels>
			<!-- 应用服务器CPU 核心数与主频(必填)-->
			<CPUInfo coreCount="8" mainFrequency="3.8GHZ"/>
			<!-- 应用服务器内存信息(必填) -->
			<Meminfo>64G</Meminfo>
			<!-- 应用服务器操作系统信息:类型和版本(类型必填,版本选填)-->
			<OSInfo version="1.5.6">Linux</OSInfo> 
			<!-- 中间件类型,(类型必填,版本选填) -->
			<middleware version="9.0">apusic</middleware>
			<!-- 是否配置双机热备(必填) -->
			<activeStandby>true</activeStandby>
			<!-- 是否已部署EAS集群(必填) -->
			<EASClusterDeploy>true</EASClusterDeploy>
		</appServerInfo>

		<!-- 数据库服务器信息 -->
		<DBServerInfo>
			<!-- 服务器型号与数量(必填)-->
			<DBServerModels count="1">Intel X86服务器</DBServerModels>
			<!-- 服务器CPU 核心数与主频(必填)-->
			<CPUInfo coreCount="8" mainFrequency="3.8GHZ"/>
			<!-- 服务器内存信息(必填) -->
			<Meminfo>64G</Meminfo>
			<!-- 服务器操作系统信息:类型和版本(类型必填,版本选填)-->
			<OSInfo version="1.5.6">Linux</OSInfo>
			<!-- 数据库类型和版本(必填) -->
			<DBType version="11G">Oracle</DBType>

		</DBServerInfo>

		<!-- EAS应用信息 -->
		<EASInfo>
			<!-- 购买EAS总license数量(必填)  -->
			<licenseCount>2</licenseCount>
			<!-- 主要使用模块(必填) -->
			<mainUseModule>财务模块</mainUseModule>
			<!-- EAS最大峰值用户数(选填) -->
			<maxUserOnline>3000</maxUserOnline>
			<!-- 日常平均在线用户数(选填) -->
			<avgUserOnline>500</avgUserOnline>
			<!-- 是否集成怡软OA(选填) -->
			<isIntegratedOtherOA>false</isIntegratedOtherOA>
			<!-- 当前数据中心数据大小(必填) -->
			<dataFileSize>45G</dataFileSize>
			<!-- EAS版本 -->
			<EASVersion>8.0.0</EASVersion>
		</EASInfo>
	</envInfo>

	<!-- 本次检测数据 -->
	<detectInfo>
		<!-- 按照节点维度列表展示 -->
		<nodes>
			<!-- 服务器节点 -->
			<node ip="172.19.112.54">
				<!-- 检测类型高端付费版本包括:
					① 操作系统检测
					② 数据库检测
					③ 索引检测
					④ 字段规范
					⑤ 安全检测
				 -->
				<!-- 操作系统检测 注意转义字符-->
				<OSDetectItems>
					
					<item name="CPU主频" result="检测通过" detectValue="2000MHZ" proposedValue="&gt;=2000MHZ"/>
					<item name="CPU使用率" result="检测通过" detectValue="36%" proposedValue="&lt;=80%"/>
				</OSDetectItems>

				<!-- 数据库检测 -->
				<DBDetectItems>
					<item name="表空间利用率" result="检测通过" detectValue="正常" proposedValue="&lt;90%">
						<property name="[upgradeTest] sqlServer表空间利用率" detectValue="2,011.3MB:71.8%"/>
						<property name="[sqlTest] sqlServer表空间利用率" detectValue="2,011.3MB:71.8%"/> 
					</item>
					<item name="启用AWE(地址窗口化扩展插件)" result="检测不通过" proposedValue="已设置" detectValue="未设置"/>
				</DBDetectItems>

				<!-- 索引检测 -->
				<IndexDetectItems>
					
				</IndexDetectItems>

				<!-- 字段规范检测 -->
				<IDModifyDetectItems>
					
				</IDModifyDetectItems>

				<!-- 安全检测 -->
				<securityDetectItems>
					
				</securityDetectItems>

			</node>

			<node ip="192.168.15.43">
				<!-- 操作系统检测 -->
				<OSDetectItems>
					
				</OSDetectItems>

				<!-- 数据库检测 -->
				<DBDetectItems>
					
				</DBDetectItems>

				<!-- 索引检测 -->
				<IndexDetectItems>
					
				</IndexDetectItems>

				<!-- 字段规范检测 -->
				<IDModifyDetectItems>
					
				</IDModifyDetectItems>

				<!-- 安全检测 -->
				<securityDetectItems>
					
				</securityDetectItems>
			</node>
		</nodes>
	</detectInfo>
	
</data>

