<?xml version="1.0" encoding="UTF-8"?>

<indexs>
	<index id="IX_GL_VCH_1" table="T_GL_VOUCHER" values="FCOMPANYID,FPERIODID,FNUMBER" type="CREATE"/>
  <index id="IX_GL_VOUCHERCOMPR" table="T_GL_VOUCHER" values="FCOMPANYID,FPERIODID" type="CREATE"/>
  <index id="IX_VCH_SOURCE" table="T_GL_VOUCHER" values="FSOURCEBILLID" type="CREATE"/>
  <index id="IX_VC_FORCSLRPT1" table="T_GL_VOUCHER" values="FCOMPANYID,FPERIODID,FBIZSTATUS" type="CREATE"/>
  <index id="PK_GL_VCH" table="T_GL_VOUCHER" values="FID" type="CREATE"/>
  <index id="IX_GL_VCHENTRYFQ" table="T_GL_VOUCHERENTRY" values="FBILLID,FID,FSEQ" type="CREATE"/>
  <index id="IX_GL_VCHENTRY_2" table="T_GL_VOUCHERENTRY" values="FACCOUNTID,FCURRENCYID,FSEQ" type="CREATE"/>
  <index id="IX_GL_VE_DESC" table="T_GL_VOUCHERENTRY" values="FDESCRIPTION" type="CREATE"/>
  <index id="PK_GL_VCHENTRY" table="T_GL_VOUCHERENTRY" values="FID" type="CREATE"/>
  <index id="IX_IM_SALEISS_YEAR" table="T_IM_SALEISSUEBILL" values="FPERIOD,FYEAR" type="CREATE"/>
  <index id="IX_IM_SALISSECUS" table="T_IM_SALEISSUEBILL" values="FCUSTOMERID" type="CREATE"/>
  <index id="IX_SALEISS_BIZDAT" table="T_IM_SALEISSUEBILL" values="FBIZDATE" type="CREATE"/>
	<index id="IX_SALEISS_NUMBER" table="T_IM_SALEISSUEBILL" values="FNUMBER" type="CREATE"/>
	<index id="IX_SALIS_B_BATEIDB" table="T_IM_SALEISSUEBILL" values="FBIZDATE,FID,FBASESTATUS" type="CREATE"/>
  <index id="PK_SALEISSUEBILL" table="T_IM_SALEISSUEBILL" values="FID" type="CREATE"/>
  <index id="IDX_SI_NOENTRYID" table="T_IM_SALEISSUEENTRY" values="FNETORDERBILLENTRYID" type="CREATE"/>
  <index id="IX_IM_SALEISSUEBC" table="T_IM_SALEISSUEENTRY" values="FBALANCECUSTOMERID" type="CREATE"/>
  <index id="IX_IM_SALEISSUEOC" table="T_IM_SALEISSUEENTRY" values="FORDERCUSTOMERID" type="CREATE"/>
  <index id="IX_IM_SALEISSUEPC" table="T_IM_SALEISSUEENTRY" values="FPAYMENTCUSTOMERID" type="CREATE"/>
  <index id="IX_IM_SALIE_COMPMA" table="T_IM_SALEISSUEENTRY" values="FCOMPANYORGUNITID,FMATERIALID,FWAREHOUSEID" type="CREATE"/>
  <index id="IX_IM_SALIE_SRC" table="T_IM_SALEISSUEENTRY" values="FSOURCEBILLID,FSOURCEBILLENTRYID" type="CREATE"/>
  <index id="IX_IM_SALIE_SRC_2" table="T_IM_SALEISSUEENTRY" values="FSOURCEBILLENTRYID,FSOURCEBILLID" type="CREATE"/>
  <index id="IX_IM_SIECOREN" table="T_IM_SALEISSUEENTRY" values="FSALEORDERENTRYID,FSALEORDERID" type="CREATE"/>
  <index id="IX_SALEISSE_PARENT" table="T_IM_SALEISSUEENTRY" values="FPARENTID,FID,FSEQ" type="CREATE"/>
  <index id="IX_SALEISSE_SNUM" table="T_IM_SALEISSUEENTRY" values="FSOURCEBILLNUMBER,FSOURCEBILLENTRYSEQ" type="CREATE"/>
  <index id="IX_SALEISSUE_E_CPM" table="T_IM_SALEISSUEENTRY" values="FCOMPANYORGUNITID,FPARENTID,FMATERIALID" type="CREATE"/>
  <index id="PK_SALEISSUEENTRY" table="T_IM_SALEISSUEENTRY" values="FID" type="CREATE"/>
  <index id="IX_SM_POBIZDATE" table="T_SM_PURORDER" values="FBIZDATE" type="CREATE"/>
  <index id="IX_SM_POSUPPLIER" table="T_SM_PURORDER" values="FSUPPLIERID" type="CREATE"/>
  <index id="IX_SM_PO_NUM" table="T_SM_PURORDER" values="FNUMBER" type="CREATE"/>
	<index id="PK_PURORDER_FID" table="T_SM_PURORDER" values="FID" type="CREATE"/>
	<index id="IX_SM_POEANDENTRY" table="T_SM_PURORDERENTRY" values="FSOURCEBILLID,FSOURCEBILLENTRYID" type="CREATE"/>
  <index id="IX_SM_POEOLDID" table="T_SM_PURORDERENTRY" values="FOLDID" type="CREATE"/>
  <index id="IX_SM_POEPARENT" table="T_SM_PURORDERENTRY" values="FPARENTID,FID,FSEQ" type="CREATE"/>
  <index id="PK_PURORDERENTRY" table="T_SM_PURORDERENTRY" values="FID" type="CREATE"/>
</indexs>
