<?xml version="1.0" encoding="UTF-8" ?> 
<loadclass>
	<server>
		 <!-- EAS  bim lib-->
		<file path="${EAS_HOME}/server/lib/bim/*.jar" priority="17" />
		
		<!-- EAS  sp lib-->
		<file path="${EAS_HOME}/server/lib/sp/eas_sp.jar" priority="16" />
		<file path="${EAS_HOME}/server/lib/sp/*.jar" priority="15" />
		
		<!-- EAS industry lib -->
		<file path="${EAS_HOME}/server/lib/industry_sp.jar" priority="14" />
		<file path="${EAS_HOME}/server/lib/patch_industry/*.jar" priority="13" />
		<file path="${EAS_HOME}/server/lib/industry/*.jar" priority="12" />
		
		<!--  EAS server lib -->
		<file path="${EAS_HOME}/server/lib/patch/*.jar" priority="11" />
		<file path="${EAS_HOME}/server/lib/common/trd/*.jar" priority="10" />
		<file path="${EAS_HOME}/server/lib/common/bos/*.jar" priority="9" />
		<file path="${EAS_HOME}/server/lib/common/eas/*.jar" priority="8" />
		<file path="${EAS_HOME}/server/lib/common/mri/*.jar" priority="7" />
		
		<file path="${EAS_HOME}/server/lib/server/trd/*.jar" priority="6" />
		<file path="${EAS_HOME}/server/lib/server/bos/*.jar" priority="5" />
		<file path="${EAS_HOME}/server/lib/server/eas/*.jar" priority="4" />
		<file path="${EAS_HOME}/server/lib/server/mri/*.jar" priority="3" />
		
		<file path="${EAS_HOME}/server/lib/web/portal/*.jar" priority="2" />
		<file path="${EAS_HOME}/server/lib/web/trd/*.jar" priority="1" />
	</server>
	<client>
		<!-- EAS  bim lib-->
		<file path="${EAS_HOME}/server/deploy/fileserver.ear/easWebClient/lib/bim/*.jar" priority="15" />
		
		<!-- EAS  sp lib-->
		<file path="${EAS_HOME}/server/deploy/fileserver.ear/easWebClient/lib/sp/eas_sp.jar" priority="14" />
		<file path="${EAS_HOME}/server/deploy/fileserver.ear/easWebClient/lib/sp/*.jar" priority="13" />
		
		<!-- EAS industry lib -->
		<file path="${EAS_HOME}/server/deploy/fileserver.ear/easWebClient/lib/industry_sp.jar" priority="12" />
		<file path="${EAS_HOME}/server/deploy/fileserver.ear/easWebClient/lib/patch_industry/*.jar" priority="11" />
		<file path="${EAS_HOME}/server/deploy/fileserver.ear/easWebClient/lib/industry/*.jar" priority="10" />
		
		<!--  EAS client lib -->
		<file path="${EAS_HOME}/server/deploy/fileserver.ear/easWebClient/lib/patch/*.jar" priority="9" />
				
		<file path="${EAS_HOME}/server/deploy/fileserver.ear/easWebClient/lib/common/trd/*.jar" priority="8" />
		<file path="${EAS_HOME}/server/deploy/fileserver.ear/easWebClient/lib/common/bos/*.jar" priority="7" />
		<file path="${EAS_HOME}/server/deploy/fileserver.ear/easWebClient/lib/common/eas/*.jar" priority="6" />
		<file path="${EAS_HOME}/server/deploy/fileserver.ear/easWebClient/lib/common/mri/*.jar" priority="5" />
		
		<file path="${EAS_HOME}/server/deploy/fileserver.ear/easWebClient/lib/client/trd/*.jar" priority="4" />
		<file path="${EAS_HOME}/server/deploy/fileserver.ear/easWebClient/lib/client/bos/*.jar" priority="3" />
		<file path="${EAS_HOME}/server/deploy/fileserver.ear/easWebClient/lib/client/eas/*.jar" priority="2" />
		<file path="${EAS_HOME}/server/deploy/fileserver.ear/easWebClient/lib/client/mri/*.jar" priority="1" />
	</client>
</loadclass>
