<?xml version="1.0" encoding="UTF-8"?>
<plugin-list>
  <plugin key="apusicversion" md5="" path="apusicversion.jar" />
  <plugin key="classes12" md5="" path="classes12.jar" />
  <plugin key="commons-codec-1.3" md5="" path="commons-codec-1.3.jar" />
  <plugin key="commons-httpclient-3.1-rc1" md5="" path="commons-httpclient-3.1-rc1.jar" />
  <plugin key="commons-io-2.0.1" md5="" path="commons-io-2.0.1.jar" />
  <plugin key="commons-lang-2.6" md5="" path="commons-lang-2.6.jar" />
  <plugin key="commons-logging-1.1" md5="" path="commons-logging-1.1.jar" />
  <plugin key="ctrl-common" md5="" path="ctrl-common.jar" />
  <plugin key="ctrl-commonui" md5="" path="ctrl-commonui.jar" />
  <plugin key="ctrl-kdf" md5="" path="ctrl-kdf.jar" />
  <plugin key="ctrl-kdtable" md5="" path="ctrl-kdtable.jar" />
  <plugin key="ctrl-kingdeelfm" md5="" path="ctrl-kingdeelfm.jar" />
  <plugin key="ctrl-swing" md5="" path="ctrl-swing.jar" />
  <plugin key="db2java" md5="" path="db2java.zip" />
  <plugin key="db2jcc_license_cu" md5="" path="db2jcc_license_cu.jar" />
  <plugin key="db2jcc" md5="" path="db2jcc.jar" />
  <plugin key="dom4j-1.6.1" md5="" path="dom4j-1.6.1.jar" />
  <plugin key="eas_resource_common_ico" md5="" path="eas_resource_common_ico.jar" />
  <plugin key="eas_resource_firstload_ico" md5="" path="eas_resource_firstload_ico.jar" />
  <plugin key="fast-md5" md5="" path="fast-md5.jar" />
  <plugin key="foxtrot" md5="" path="foxtrot.jar" />
  <plugin key="jaxen-1.1.1" md5="" path="jaxen-1.1.1.jar" />
  <plugin key="jtds-1.2" md5="" path="jtds-1.2.jar" />
  <plugin key="ksql" md5="" path="ksql.jar" />
  <plugin key="license-server" md5="" path="license-server.jar" />
  <plugin key="log4j-1.2.6" md5="" path="log4j-1.2.6.jar" />
  <plugin key="logback-classic-0.9.28" md5="" path="logback-classic-0.9.28.jar" />
  <plugin key="logback-core-0.9.28" md5="" path="logback-core-0.9.28.jar" />
  <plugin key="logo_resource_ico" md5="" path="logo_resource_ico.jar" />
  <plugin key="netty-3.2.4.Final" md5="" path="netty-3.2.4.Final.jar" />
  <plugin key="saxpath" md5="" path="saxpath.jar" />
  <plugin key="simple-xml-2.5.3" md5="" path="simple-xml-2.5.3.jar" />
  <plugin key="slf4j-api-1.6.1" md5="" path="slf4j-api-1.6.1.jar" />
  <plugin key="consultant" md5="" path="consultant.jar" />
  <plugin key="jxl" md5="" path="jxl.jar" />
</plugin-list>

