<?xml version="1.0" encoding="UTF-8" ?> 
<plugin-list>
  <plugin key="appapusic" name="中间件检测 " type="APP" value="apusic" md5="e777fab37978d449933197624a78e7f9" path="appapusic_1.0.0.jar"/>
  <plugin key="appwas" name="中间件检测 " type="APP" value="was" md5="2bdc19efe546036e73db9323a434890a" path="appwas_1.0.0.jar"/>
  <plugin key="appweblogic" name="中间件检测 " type="APP" value="weblogic" md5="12ae7543bf9f46f8d74b640f3bf1926a" path="appweblogic_1.0.0.jar"/>
  <plugin key="EAS" name="EAS检测 " type="EAS" value="" md5="8b93dc712feb6970ddf3711194568" path="eas_1.0.0.jar"/>
  <plugin key="sunjdk" name="JDK检测 " type="JDK" value="sun" md5="b112e4d166fbcce4861cb2e08659043a" path="sunjdk_1.0.0.jar"/>
  <plugin key="ibmjdk" name="JDK检测 " type="JDK" value="ibm" md5="" path="ibmjdk_1.0.0.jar"/>
  <plugin key="aixos" name="操作系统检测 " type="OS" value="aix" md5="a503269c973e47033d172a2368f5778d" path="os_aix_1.0.0.jar"/>
  <plugin key="winos" name="操作系统检测 " type="OS" value="windows" md5="33f18c9df7430351963537169708a816" path="os_window_1.0.0.jar"/>
  <plugin key="linuxos" name="操作系统检测 " type="OS" value="linux" md5="" path="os_linux_1.0.0.jar"/>
  <plugin key="oracleDB" name="Oracle数据库检测 " type="DB" value=""  md5="" path="oracledb_1.0.0.jar" />  
  <plugin key="sqlserverDB" name="SQLServer数据库检测 " type="DB" value=""  md5="" path="sqlserverdb_1.0.0.jar" />  
  <plugin key="tool" name="工具集"  type="TOOL" value="tool" md5="" path="tool_1.0.0.jar" />
  <plugin key="security" name="安全检测"  type="Security" value="security" md5="" path="security_1.0.0.jar" />
</plugin-list>
